accession	genotype
A03782.1	2
A13758.1	2
AY446894.2	1
BK000394.5	2
EF531303.1	1
FJ527563.1	2
FJ616285.1	1
GQ121041.1	1
GQ221973.1	3
GQ221974.1	1
GQ221975.1	2
GQ396662.1	3
GQ396663.1	3
GQ466044.1	1
GU179001.1	1
GU179288.1	1
GU179289.1	3
GU179290.1	2
GU179291.1	1
GU937742.2	3
HQ380895.1	3
JX512197.1	2
JX512198.1	1
JX512199.1	3
JX512200.1	1
JX512201.1	3
JX512202.1	2
JX512203.1	1
JX512204.1	2
JX512205.1	2
JX512206.1	2
JX512207.1	2
JX512208.1	1
KC519319.1	1
KC519320.1	1
KC519321.1	2
KC519322.1	4
KC519323.1	1
KF297339.1	1
KF493876.1	1
KF493877.1	1
KJ361946.1	1
KJ361947.1	1
KJ361948.1	4
KJ361949.1	2
KJ361951.1	3
KJ361952.1	1
KJ361953.1	1
KJ361954.1	3
KJ361955.1	1
KJ361956.1	1
KJ361957.1	3
KJ361958.1	1
KJ361959.1	2
KJ361960.1	2
KJ361961.1	1
KJ361962.1	3
KJ361963.1	1
KJ361964.1	3
KJ361965.1	1
KJ361966.1	2
KJ361967.1	1
KJ361968.1	2
KJ361969.1	4
KJ361970.1	3
KJ778195.1	2
KJ778196.1	2
KJ778197.1	3
KJ778198.1	3
KJ778199.1	4
KJ778200.1	4
KJ872539.1	2
KJ872540.1	3
KJ872541.1	3
KJ872542.1	2
KM192298.1	1
KM192299.1	1
KM192300.1	1
KM192301.1	1
KM192302.1	1
KP745633.1	4
KP745634.1	2
KP745635.1	4
KP745636.1	2
KP745637.1	1
KP745638.1	2
KP745639.1	4
KP745641.1	2
KP745642.1	2
KP745643.1	4
KP745644.1	1
KP745645.1	3
KP745646.1	1
KP745647.1	1
KP745648.1	1
KP745649.1	4
KP745650.1	2
KP745651.1	2
KP745652.1	1
KP745653.1	1
KP745654.1	1
KP745655.1	3
KP745656.1	2
KP745657.1	1
KP745658.1	4
KP745659.1	3
KP745660.1	3
KP745661.1	2
KP745662.1	1
KP745663.1	1
KP745664.1	2
KP745665.1	2
KP745666.1	2
KP745667.1	1
KP745668.1	3
KP745669.1	1
KP745670.1	2
KP745671.1	1
KP745672.1	1
KP745673.1	3
KP745674.1	1
KP745675.1	3
KP745676.1	3
KP745677.1	2
KP745678.1	1
KP745679.1	1
KP745680.1	2
KP745681.1	3
KP745682.1	2
KP745683.1	3
KP745684.1	2
KP745685.1	3
KP745686.1	1
KP745687.1	4
KP745688.1	2
KP745689.1	1
KP745690.1	4
KP745691.1	2
KP745692.1	2
KP745693.1	2
KP745694.1	3
KP745695.1	2
KP745696.1	3
KP745697.1	1
KP745698.1	4
KP745699.1	2
KP745700.1	3
KP745701.1	3
KP745702.1	3
KP745703.1	4
KP745704.1	1
KP745705.1	1
KP745706.1	2
KP745708.1	2
KP745709.1	1
KP745710.1	3
KP745711.1	1
KP745712.1	3
KP745713.1	3
KP745714.1	3
KP745715.1	4
KP745716.1	1
KP745717.1	3
KP745718.1	1
KP745719.1	2
KP745720.1	3
KP745721.1	2
KP745722.1	2
KP745723.1	3
KP745725.1	4
KP745726.1	1
KP745727.1	1
KP745728.1	2
KP973623.1	1
KP973624.1	1
KP973625.1	1
KP973626.1	1
KP973627.1	1
KP973628.1	1
KP973629.1	1
KP973630.1	1
KP973631.1	1
KP973632.1	1
KP973633.1	1
KP973634.1	1
KP973635.1	1
KP973636.1	1
KP973637.1	1
KP973638.1	1
KP973639.1	1
KP973640.1	1
KP973641.1	1
KP973642.1	1
KR534196.1	4
KR534197.1	1
KR534198.1	3
KR534199.1	3
KR534200.1	1
KR534201.1	3
KR534202.1	3
KR534203.1	1
KR534205.1	2
KR534206.1	1
KR534207.1	2
KR534208.1	4
KR534209.1	1
KR534210.1	4
KR534211.1	3
KR534212.1	4
KR534213.1	2
KT726940.2	1
KT726942.2	2
KT726943.2	1
KT726945.2	3
KT726946.2	4
KT726947.2	1
KT726948.2	1
KT726949.2	4
KT726950.2	1
KT726952.2	1
KT726953.2	4
KT726954.2	1
KT726955.2	1
KT959235.1	3
KU221090.1	1
KU221091.1	1
KU221092.1	1
KU221093.1	1
KU221094.1	1
KU221095.1	1
KU221096.1	1
KU221097.1	1
KU221098.1	1
KU221099.1	1
KU221100.1	1
KU550087.1	2
KU550088.1	1
KU550089.1	2
KU550090.1	1
KX101021.1	1
KX101022.1	3
KX101023.1	1
KX101024.1	1
KX544831.1	1
KX544832.1	1
KX544833.1	1
KX544834.1	1
KX544835.1	1
KX544836.1	1
KX544837.1	1
KX544838.1	1
KX544840.1	4
KX544841.1	1
KY002200.1	3
KY002201.1	3
KY123649.1	2
KY123650.1	1
KY123651.1	1
KY123652.1	1
KY123653.1	3
KY490062.1	1
KY490063.1	1
KY490064.1	2
KY490065.1	1
KY490066.1	2
KY490067.1	4
KY490068.1	1
KY490069.1	2
KY490070.1	3
KY490071.1	2
KY490072.1	2
KY490073.1	1
KY490074.1	1
KY490075.1	1
KY490076.1	3
KY490077.1	1
KY490078.1	1
KY490079.1	4
KY490080.1	3
KY490081.1	1
KY490082.1	3
KY490083.1	3
KY490084.1	1
KY490085.1	2
KY490086.1	1
KY490087.1	1
LC846338.1	3
M22343.1	1
M60924.2	4
M60926.2	4
M60929.1	1
M60931.1	2
M85228.2	3
MF084223.1	1
MF084224.1	1
MK157426.1	1
MK157428.1	1
MK157430.1	1
MK157435.1	4
MK157436.1	1
MK157437.1	4
MK157438.1	4
MK157440.1	4
MK157442.1	3
MK157443.1	3
MK157444.1	3
MK157445.1	3
MK157446.1	3
MK157447.1	1
MK157452.1	1
MK157453.1	1
MK157454.1	1
MK157455.1	1
MK157456.1	1
MK157457.1	1
MK157458.1	1
MK157460.1	1
MK157461.1	1
MK157462.1	3
MK157463.1	3
MK157467.1	1
MK290742.1	4
MK290743.1	2
MK290744.1	1
MK422176.1	2
MK425187.1	1
MT044476.1	1
MT044477.1	2
MT044478.1	1
MT044479.1	3
MT044481.1	1
MT044482.1	1
MT044483.1	2
MT044484.1	1
MT070138.1	3
MT070139.1	1
MT070141.1	3
MT070142.1	3
MT649468.1	3
MT649469.1	1
MT649470.1	3
MT649471.1	1
MT649472.1	4
MT649474.1	1
MW197154.1	3
MW197155.1	1
MW197156.1	1
MW197157.1	1
MW439038.1	1
MW439039.1	1
MW528458.1	1
MW528459.1	1
MW528460.1	3
MW528461.1	2
MW528462.1	1
MW528463.1	1
MW528464.1	4
MW980585.1	3
NC_006273.2	1
OK000909.1	1
OK000910.1	1
OK000911.1	2
OK000912.1	1
ON119191.1	1
ON119193.1	1
OQ466311.1	1
OQ466312.1	1
OQ857188.1	1
OQ857248.1	1
OQ857260.1	4
OU342900.1	3
OU342911.1	2
OU342912.1	3
OU342913.1	1
OU342914.1	3
OU342915.1	4
OU342916.1	2
OU342917.1	3
OU342918.1	2
OV100760.1	4
OV100762.1	2
OV100763.1	3
PP386308.1	2
PP412592.1	2
PP412593.1	2
PP412594.1	2
PP803491.1	3
PQ851837.1	1
PQ851838.1	1
PQ851839.1	1
PQ851840.1	1
PQ851841.1	1
PQ851842.1	1
PQ851843.1	1
PQ851844.1	1
PQ879540.1	2
PQ879541.1	2
PX246278.1	3
X17403.1	2
